CustomerKey,CustomerName,Segment,Region,AcquisitionChannel
C0001,Customer 1,Gold,North,Web
C0002,Customer 2,Gold,West,Web
C0003,Customer 3,Silver,West,Partner
C0004,Customer 4,Gold,South,Web
C0005,Customer 5,Silver,West,Partner
C0006,Customer 6,Silver,West,Store
C0007,Customer 7,Silver,North,Partner
C0008,Customer 8,Silver,West,Web
C0009,Customer 9,Silver,East,Web
C0010,Customer 10,Bronze,North,Partner
C0011,Customer 11,Gold,North,Partner
C0012,Customer 12,Silver,South,Web
C0013,Customer 13,Platinum,West,Store
C0014,Customer 14,Gold,South,Store
C0015,Customer 15,Gold,East,Partner
C0016,Customer 16,Silver,North,Store
C0017,Customer 17,Bronze,North,Web
C0018,Customer 18,Silver,North,Partner
C0019,Customer 19,Bronze,East,Web
C0020,Customer 20,Platinum,East,Web
C0021,Customer 21,Gold,South,Store
C0022,Customer 22,Platinum,South,Partner
C0023,Customer 23,Bronze,South,Partner
C0024,Customer 24,Bronze,West,Store
C0025,Customer 25,Platinum,North,Web
C0026,Customer 26,Bronze,North,Web
C0027,Customer 27,Platinum,South,Web
C0028,Customer 28,Gold,North,Web
C0029,Customer 29,Platinum,South,Partner
C0030,Customer 30,Gold,West,Partner
C0031,Customer 31,Platinum,West,Store
C0032,Customer 32,Bronze,East,Store
C0033,Customer 33,Platinum,West,Partner
C0034,Customer 34,Bronze,South,Partner
C0035,Customer 35,Platinum,West,Web
C0036,Customer 36,Platinum,East,Web
C0037,Customer 37,Silver,North,Store
C0038,Customer 38,Bronze,South,Partner
C0039,Customer 39,Silver,North,Store
C0040,Customer 40,Bronze,East,Partner
C0041,Customer 41,Silver,East,Web
C0042,Customer 42,Gold,East,Store
C0043,Customer 43,Platinum,North,Store
C0044,Customer 44,Bronze,North,Partner
C0045,Customer 45,Bronze,North,Web
C0046,Customer 46,Platinum,North,Store
C0047,Customer 47,Bronze,East,Web
C0048,Customer 48,Bronze,East,Store
C0049,Customer 49,Silver,South,Web
C0050,Customer 50,Bronze,South,Partner
C0051,Customer 51,Gold,North,Store
C0052,Customer 52,Gold,West,Store
C0053,Customer 53,Platinum,West,Web
C0054,Customer 54,Bronze,East,Web
C0055,Customer 55,Platinum,East,Store
C0056,Customer 56,Gold,East,Partner
C0057,Customer 57,Bronze,South,Web
C0058,Customer 58,Bronze,South,Web
C0059,Customer 59,Platinum,East,Web
C0060,Customer 60,Gold,East,Store
C0061,Customer 61,Bronze,East,Store
C0062,Customer 62,Platinum,West,Store
C0063,Customer 63,Gold,South,Store
C0064,Customer 64,Platinum,West,Partner
C0065,Customer 65,Silver,West,Partner
C0066,Customer 66,Bronze,East,Store
C0067,Customer 67,Silver,East,Partner
C0068,Customer 68,Gold,North,Web
C0069,Customer 69,Silver,North,Web
C0070,Customer 70,Silver,West,Web
C0071,Customer 71,Gold,South,Store
C0072,Customer 72,Platinum,East,Web
C0073,Customer 73,Silver,East,Partner
C0074,Customer 74,Platinum,West,Store
C0075,Customer 75,Silver,North,Partner
C0076,Customer 76,Platinum,South,Web
C0077,Customer 77,Gold,North,Web
C0078,Customer 78,Silver,North,Web
C0079,Customer 79,Gold,North,Store
C0080,Customer 80,Silver,North,Partner
C0081,Customer 81,Gold,East,Store
C0082,Customer 82,Gold,East,Store
C0083,Customer 83,Silver,North,Web
C0084,Customer 84,Silver,South,Store
C0085,Customer 85,Silver,West,Store
C0086,Customer 86,Bronze,South,Web
C0087,Customer 87,Platinum,South,Store
C0088,Customer 88,Bronze,South,Web
C0089,Customer 89,Bronze,North,Web
C0090,Customer 90,Gold,East,Web
C0091,Customer 91,Silver,South,Web
C0092,Customer 92,Platinum,North,Store
C0093,Customer 93,Gold,South,Web
C0094,Customer 94,Bronze,South,Web
C0095,Customer 95,Silver,North,Store
C0096,Customer 96,Gold,East,Store
C0097,Customer 97,Silver,East,Partner
C0098,Customer 98,Gold,West,Store
C0099,Customer 99,Silver,North,Store
C0100,Customer 100,Bronze,West,Partner
C0101,Customer 101,Platinum,West,Store
C0102,Customer 102,Bronze,West,Store
C0103,Customer 103,Platinum,East,Store
C0104,Customer 104,Silver,North,Store
C0105,Customer 105,Gold,West,Partner
C0106,Customer 106,Bronze,North,Store
C0107,Customer 107,Platinum,North,Store
C0108,Customer 108,Bronze,East,Partner
C0109,Customer 109,Platinum,West,Web
C0110,Customer 110,Bronze,West,Partner
C0111,Customer 111,Platinum,North,Web
C0112,Customer 112,Platinum,South,Partner
C0113,Customer 113,Silver,East,Partner
C0114,Customer 114,Platinum,East,Store
C0115,Customer 115,Silver,East,Web
C0116,Customer 116,Platinum,East,Store
C0117,Customer 117,Gold,West,Web
C0118,Customer 118,Gold,West,Partner
C0119,Customer 119,Gold,South,Partner
C0120,Customer 120,Platinum,East,Web
C0121,Customer 121,Silver,East,Store
C0122,Customer 122,Silver,North,Store
C0123,Customer 123,Platinum,West,Store
C0124,Customer 124,Gold,East,Store
C0125,Customer 125,Gold,South,Partner
C0126,Customer 126,Silver,South,Partner
C0127,Customer 127,Gold,West,Partner
C0128,Customer 128,Bronze,South,Partner
C0129,Customer 129,Silver,South,Partner
C0130,Customer 130,Gold,West,Store
C0131,Customer 131,Silver,East,Store
C0132,Customer 132,Bronze,East,Store
C0133,Customer 133,Silver,South,Store
C0134,Customer 134,Silver,South,Partner
C0135,Customer 135,Silver,East,Partner
C0136,Customer 136,Silver,West,Partner
C0137,Customer 137,Bronze,South,Web
C0138,Customer 138,Platinum,North,Store
C0139,Customer 139,Silver,West,Store
C0140,Customer 140,Silver,South,Partner
C0141,Customer 141,Gold,South,Store
C0142,Customer 142,Silver,North,Store
C0143,Customer 143,Gold,North,Partner
C0144,Customer 144,Platinum,East,Web
C0145,Customer 145,Bronze,West,Web
C0146,Customer 146,Bronze,West,Web
C0147,Customer 147,Platinum,East,Partner
C0148,Customer 148,Bronze,West,Store
C0149,Customer 149,Platinum,West,Partner
C0150,Customer 150,Platinum,West,Partner
C0151,Customer 151,Platinum,West,Store
C0152,Customer 152,Bronze,West,Web
C0153,Customer 153,Gold,North,Web
C0154,Customer 154,Platinum,West,Partner
C0155,Customer 155,Silver,North,Web
C0156,Customer 156,Bronze,West,Partner
C0157,Customer 157,Platinum,East,Partner
C0158,Customer 158,Platinum,South,Store
C0159,Customer 159,Silver,North,Store
C0160,Customer 160,Gold,West,Store
C0161,Customer 161,Gold,East,Partner
C0162,Customer 162,Gold,South,Store
C0163,Customer 163,Platinum,North,Web
C0164,Customer 164,Platinum,South,Web
C0165,Customer 165,Platinum,East,Partner
C0166,Customer 166,Bronze,North,Partner
C0167,Customer 167,Silver,South,Store
C0168,Customer 168,Platinum,West,Partner
C0169,Customer 169,Silver,North,Partner
C0170,Customer 170,Silver,South,Web
C0171,Customer 171,Gold,East,Web
C0172,Customer 172,Bronze,East,Store
C0173,Customer 173,Platinum,North,Partner
C0174,Customer 174,Gold,South,Partner
C0175,Customer 175,Gold,North,Web
C0176,Customer 176,Platinum,North,Partner
C0177,Customer 177,Silver,South,Web
C0178,Customer 178,Gold,South,Store
C0179,Customer 179,Silver,West,Web
C0180,Customer 180,Bronze,South,Partner
C0181,Customer 181,Silver,East,Store
C0182,Customer 182,Bronze,North,Web
C0183,Customer 183,Silver,North,Web
C0184,Customer 184,Gold,East,Store
C0185,Customer 185,Gold,South,Store
C0186,Customer 186,Bronze,East,Web
C0187,Customer 187,Platinum,East,Partner
C0188,Customer 188,Bronze,West,Web
C0189,Customer 189,Bronze,East,Store
C0190,Customer 190,Silver,North,Web
C0191,Customer 191,Silver,East,Store
C0192,Customer 192,Bronze,North,Store
C0193,Customer 193,Gold,North,Partner
C0194,Customer 194,Silver,North,Store
C0195,Customer 195,Platinum,South,Store
C0196,Customer 196,Silver,West,Partner
C0197,Customer 197,Silver,North,Store
C0198,Customer 198,Platinum,North,Partner
C0199,Customer 199,Bronze,South,Partner
C0200,Customer 200,Platinum,North,Store
C0201,Customer 201,Bronze,East,Store
C0202,Customer 202,Bronze,East,Web
C0203,Customer 203,Bronze,West,Partner
C0204,Customer 204,Platinum,North,Web
C0205,Customer 205,Bronze,South,Store
C0206,Customer 206,Gold,East,Web
C0207,Customer 207,Platinum,South,Partner
C0208,Customer 208,Gold,South,Web
C0209,Customer 209,Bronze,East,Partner
C0210,Customer 210,Silver,South,Store
C0211,Customer 211,Bronze,East,Store
C0212,Customer 212,Gold,South,Partner
C0213,Customer 213,Gold,East,Store
C0214,Customer 214,Platinum,North,Store
C0215,Customer 215,Silver,West,Store
C0216,Customer 216,Platinum,East,Store
C0217,Customer 217,Gold,East,Partner
C0218,Customer 218,Bronze,West,Web
C0219,Customer 219,Silver,East,Web
C0220,Customer 220,Bronze,East,Store
C0221,Customer 221,Bronze,South,Web
C0222,Customer 222,Silver,West,Web
C0223,Customer 223,Platinum,North,Store
C0224,Customer 224,Bronze,East,Store
C0225,Customer 225,Gold,West,Web
C0226,Customer 226,Bronze,South,Partner
C0227,Customer 227,Silver,North,Store
C0228,Customer 228,Silver,West,Partner
C0229,Customer 229,Silver,North,Web
C0230,Customer 230,Platinum,North,Store
C0231,Customer 231,Bronze,North,Partner
C0232,Customer 232,Platinum,East,Store
C0233,Customer 233,Platinum,East,Web
C0234,Customer 234,Silver,South,Partner
C0235,Customer 235,Silver,South,Web
C0236,Customer 236,Platinum,West,Web
C0237,Customer 237,Bronze,South,Store
C0238,Customer 238,Gold,North,Partner
C0239,Customer 239,Platinum,North,Web
C0240,Customer 240,Bronze,East,Web
C0241,Customer 241,Silver,North,Partner
C0242,Customer 242,Silver,West,Web
C0243,Customer 243,Bronze,North,Web
C0244,Customer 244,Gold,North,Partner
C0245,Customer 245,Silver,West,Partner
C0246,Customer 246,Silver,South,Partner
C0247,Customer 247,Silver,South,Partner
C0248,Customer 248,Bronze,West,Store
C0249,Customer 249,Platinum,East,Partner
C0250,Customer 250,Silver,North,Store
C0251,Customer 251,Platinum,West,Store
C0252,Customer 252,Gold,North,Store
C0253,Customer 253,Silver,East,Web
C0254,Customer 254,Silver,North,Store
C0255,Customer 255,Gold,West,Store
C0256,Customer 256,Silver,North,Web
C0257,Customer 257,Platinum,South,Web
C0258,Customer 258,Bronze,East,Web
C0259,Customer 259,Platinum,East,Partner
C0260,Customer 260,Bronze,East,Web
C0261,Customer 261,Bronze,West,Web
C0262,Customer 262,Platinum,East,Store
C0263,Customer 263,Platinum,South,Web
C0264,Customer 264,Platinum,West,Partner
C0265,Customer 265,Platinum,South,Web
C0266,Customer 266,Gold,North,Partner
C0267,Customer 267,Silver,North,Web
C0268,Customer 268,Bronze,North,Web
C0269,Customer 269,Platinum,North,Web
C0270,Customer 270,Platinum,South,Web
C0271,Customer 271,Platinum,West,Partner
C0272,Customer 272,Gold,West,Partner
C0273,Customer 273,Platinum,East,Store
C0274,Customer 274,Platinum,South,Partner
C0275,Customer 275,Platinum,North,Web
C0276,Customer 276,Silver,South,Store
C0277,Customer 277,Gold,East,Store
C0278,Customer 278,Platinum,East,Store
C0279,Customer 279,Bronze,South,Web
C0280,Customer 280,Bronze,South,Partner
C0281,Customer 281,Bronze,South,Web
C0282,Customer 282,Gold,West,Store
C0283,Customer 283,Gold,North,Web
C0284,Customer 284,Bronze,South,Web
C0285,Customer 285,Platinum,South,Partner
C0286,Customer 286,Gold,South,Partner
C0287,Customer 287,Bronze,East,Store
C0288,Customer 288,Bronze,East,Web
C0289,Customer 289,Platinum,West,Web
C0290,Customer 290,Silver,North,Partner
C0291,Customer 291,Gold,West,Web
C0292,Customer 292,Platinum,North,Web
C0293,Customer 293,Bronze,East,Web
C0294,Customer 294,Bronze,East,Partner
C0295,Customer 295,Platinum,East,Store
C0296,Customer 296,Gold,West,Store
C0297,Customer 297,Silver,South,Web
C0298,Customer 298,Silver,South,Store
C0299,Customer 299,Bronze,East,Partner
C0300,Customer 300,Gold,South,Partner
C0301,Customer 301,Silver,South,Store
C0302,Customer 302,Gold,West,Store
C0303,Customer 303,Gold,North,Web
C0304,Customer 304,Bronze,East,Store
C0305,Customer 305,Silver,East,Web
C0306,Customer 306,Platinum,West,Web
C0307,Customer 307,Bronze,West,Partner
C0308,Customer 308,Silver,South,Partner
C0309,Customer 309,Silver,East,Partner
C0310,Customer 310,Silver,North,Partner
C0311,Customer 311,Silver,West,Store
C0312,Customer 312,Silver,North,Partner
C0313,Customer 313,Gold,North,Store
C0314,Customer 314,Bronze,East,Partner
C0315,Customer 315,Gold,East,Store
C0316,Customer 316,Platinum,West,Web
C0317,Customer 317,Silver,East,Store
C0318,Customer 318,Bronze,East,Store
C0319,Customer 319,Silver,East,Partner
C0320,Customer 320,Bronze,North,Store
C0321,Customer 321,Gold,West,Web
C0322,Customer 322,Bronze,South,Web
C0323,Customer 323,Platinum,North,Partner
C0324,Customer 324,Platinum,East,Web
C0325,Customer 325,Bronze,North,Store
C0326,Customer 326,Bronze,East,Web
C0327,Customer 327,Bronze,East,Partner
C0328,Customer 328,Bronze,North,Store
C0329,Customer 329,Platinum,West,Partner
C0330,Customer 330,Silver,East,Store
C0331,Customer 331,Bronze,West,Web
C0332,Customer 332,Bronze,South,Partner
C0333,Customer 333,Platinum,East,Partner
C0334,Customer 334,Platinum,West,Store
C0335,Customer 335,Gold,West,Partner
C0336,Customer 336,Bronze,South,Store
C0337,Customer 337,Gold,West,Store
C0338,Customer 338,Platinum,West,Store
C0339,Customer 339,Platinum,South,Store
C0340,Customer 340,Silver,East,Web
C0341,Customer 341,Bronze,West,Store
C0342,Customer 342,Gold,West,Partner
C0343,Customer 343,Platinum,West,Web
C0344,Customer 344,Platinum,North,Partner
C0345,Customer 345,Gold,South,Web
C0346,Customer 346,Silver,North,Store
C0347,Customer 347,Platinum,South,Web
C0348,Customer 348,Bronze,East,Web
C0349,Customer 349,Platinum,East,Partner
C0350,Customer 350,Bronze,West,Partner
C0351,Customer 351,Gold,South,Store
C0352,Customer 352,Bronze,East,Web
C0353,Customer 353,Gold,South,Web
C0354,Customer 354,Bronze,East,Web
C0355,Customer 355,Gold,North,Store
C0356,Customer 356,Bronze,East,Store
C0357,Customer 357,Silver,North,Store
C0358,Customer 358,Bronze,East,Store
C0359,Customer 359,Bronze,West,Store
C0360,Customer 360,Silver,North,Partner
C0361,Customer 361,Platinum,East,Web
C0362,Customer 362,Platinum,West,Web
C0363,Customer 363,Bronze,North,Web
C0364,Customer 364,Silver,West,Web
C0365,Customer 365,Bronze,South,Web
C0366,Customer 366,Gold,South,Web
C0367,Customer 367,Gold,North,Web
C0368,Customer 368,Bronze,East,Web
C0369,Customer 369,Platinum,North,Partner
C0370,Customer 370,Platinum,West,Web
C0371,Customer 371,Bronze,East,Partner
C0372,Customer 372,Bronze,South,Store
C0373,Customer 373,Gold,East,Web
C0374,Customer 374,Platinum,South,Store
C0375,Customer 375,Bronze,East,Store
C0376,Customer 376,Gold,East,Store
C0377,Customer 377,Platinum,East,Partner
C0378,Customer 378,Silver,West,Store
C0379,Customer 379,Gold,West,Store
C0380,Customer 380,Platinum,North,Store
C0381,Customer 381,Platinum,North,Web
C0382,Customer 382,Gold,South,Web
C0383,Customer 383,Silver,West,Partner
C0384,Customer 384,Gold,South,Partner
C0385,Customer 385,Platinum,North,Web
C0386,Customer 386,Bronze,South,Partner
C0387,Customer 387,Bronze,North,Web
C0388,Customer 388,Gold,West,Store
C0389,Customer 389,Platinum,East,Store
C0390,Customer 390,Bronze,West,Partner
C0391,Customer 391,Platinum,South,Web
C0392,Customer 392,Gold,South,Web
C0393,Customer 393,Bronze,West,Partner
C0394,Customer 394,Platinum,West,Web
C0395,Customer 395,Bronze,North,Store
C0396,Customer 396,Gold,South,Partner
C0397,Customer 397,Platinum,South,Partner
C0398,Customer 398,Bronze,West,Web
C0399,Customer 399,Gold,East,Partner
C0400,Customer 400,Bronze,South,Web
C0401,Customer 401,Bronze,East,Web
C0402,Customer 402,Silver,West,Web
C0403,Customer 403,Silver,West,Web
C0404,Customer 404,Gold,North,Web
C0405,Customer 405,Silver,South,Partner
C0406,Customer 406,Gold,East,Store
C0407,Customer 407,Silver,North,Store
C0408,Customer 408,Bronze,South,Partner
C0409,Customer 409,Gold,North,Partner
C0410,Customer 410,Gold,West,Store
C0411,Customer 411,Bronze,South,Store
C0412,Customer 412,Gold,North,Store
C0413,Customer 413,Gold,North,Store
C0414,Customer 414,Silver,East,Store
C0415,Customer 415,Gold,North,Web
C0416,Customer 416,Platinum,South,Partner
C0417,Customer 417,Bronze,South,Web
C0418,Customer 418,Silver,East,Store
C0419,Customer 419,Silver,South,Store
C0420,Customer 420,Platinum,West,Store
C0421,Customer 421,Bronze,South,Web
C0422,Customer 422,Bronze,South,Web
C0423,Customer 423,Silver,North,Store
C0424,Customer 424,Gold,North,Web
C0425,Customer 425,Silver,South,Web
C0426,Customer 426,Bronze,East,Store
C0427,Customer 427,Platinum,North,Web
C0428,Customer 428,Silver,East,Partner
C0429,Customer 429,Bronze,South,Partner
C0430,Customer 430,Silver,South,Partner
C0431,Customer 431,Gold,West,Partner
C0432,Customer 432,Silver,North,Store
C0433,Customer 433,Silver,South,Store
C0434,Customer 434,Bronze,West,Store
C0435,Customer 435,Bronze,North,Partner
C0436,Customer 436,Bronze,South,Partner
C0437,Customer 437,Silver,South,Web
C0438,Customer 438,Gold,North,Web
C0439,Customer 439,Platinum,North,Partner
C0440,Customer 440,Platinum,North,Partner
C0441,Customer 441,Bronze,South,Partner
C0442,Customer 442,Bronze,South,Partner
C0443,Customer 443,Silver,West,Web
C0444,Customer 444,Platinum,East,Partner
C0445,Customer 445,Bronze,North,Web
C0446,Customer 446,Gold,South,Partner
C0447,Customer 447,Gold,South,Partner
C0448,Customer 448,Bronze,North,Partner
C0449,Customer 449,Bronze,East,Web
C0450,Customer 450,Platinum,North,Web
C0451,Customer 451,Platinum,East,Store
C0452,Customer 452,Silver,South,Partner
C0453,Customer 453,Platinum,East,Store
C0454,Customer 454,Gold,West,Store
C0455,Customer 455,Gold,South,Web
C0456,Customer 456,Bronze,West,Web
C0457,Customer 457,Platinum,North,Store
C0458,Customer 458,Silver,North,Partner
C0459,Customer 459,Gold,North,Web
C0460,Customer 460,Gold,East,Partner
C0461,Customer 461,Silver,South,Partner
C0462,Customer 462,Silver,North,Store
C0463,Customer 463,Gold,North,Store
C0464,Customer 464,Gold,South,Store
C0465,Customer 465,Silver,North,Store
C0466,Customer 466,Gold,West,Web
C0467,Customer 467,Bronze,South,Web
C0468,Customer 468,Bronze,South,Store
C0469,Customer 469,Silver,South,Web
C0470,Customer 470,Platinum,West,Store
C0471,Customer 471,Silver,South,Partner
C0472,Customer 472,Silver,West,Partner
C0473,Customer 473,Platinum,South,Partner
C0474,Customer 474,Platinum,East,Store
C0475,Customer 475,Platinum,North,Partner
C0476,Customer 476,Bronze,East,Web
C0477,Customer 477,Gold,North,Partner
C0478,Customer 478,Bronze,West,Partner
C0479,Customer 479,Gold,East,Partner
C0480,Customer 480,Bronze,South,Web
C0481,Customer 481,Gold,North,Store
C0482,Customer 482,Bronze,North,Web
C0483,Customer 483,Platinum,East,Store
C0484,Customer 484,Silver,West,Store
C0485,Customer 485,Bronze,East,Partner
C0486,Customer 486,Gold,West,Store
C0487,Customer 487,Platinum,West,Web
C0488,Customer 488,Bronze,North,Web
C0489,Customer 489,Bronze,East,Store
C0490,Customer 490,Platinum,East,Partner
C0491,Customer 491,Bronze,West,Partner
C0492,Customer 492,Silver,East,Web
C0493,Customer 493,Bronze,South,Partner
C0494,Customer 494,Silver,South,Store
C0495,Customer 495,Silver,East,Store
C0496,Customer 496,Platinum,East,Web
C0497,Customer 497,Bronze,West,Store
C0498,Customer 498,Platinum,South,Web
C0499,Customer 499,Bronze,South,Store
C0500,Customer 500,Bronze,North,Web
C0501,Customer 501,Gold,West,Partner
C0502,Customer 502,Bronze,North,Store
C0503,Customer 503,Platinum,South,Store
C0504,Customer 504,Silver,West,Web
C0505,Customer 505,Bronze,East,Web
C0506,Customer 506,Gold,West,Store
C0507,Customer 507,Platinum,East,Web
C0508,Customer 508,Bronze,East,Store
C0509,Customer 509,Platinum,West,Partner
C0510,Customer 510,Gold,East,Web
C0511,Customer 511,Gold,North,Store
C0512,Customer 512,Platinum,South,Partner
C0513,Customer 513,Bronze,East,Partner
C0514,Customer 514,Silver,North,Store
C0515,Customer 515,Gold,East,Web
C0516,Customer 516,Bronze,South,Store
C0517,Customer 517,Bronze,North,Partner
C0518,Customer 518,Silver,South,Store
C0519,Customer 519,Gold,South,Web
C0520,Customer 520,Gold,North,Partner
C0521,Customer 521,Bronze,North,Store
C0522,Customer 522,Bronze,North,Web
C0523,Customer 523,Silver,West,Partner
C0524,Customer 524,Silver,North,Web
C0525,Customer 525,Gold,North,Partner
C0526,Customer 526,Platinum,North,Store
C0527,Customer 527,Gold,North,Web
C0528,Customer 528,Bronze,East,Partner
C0529,Customer 529,Gold,West,Web
C0530,Customer 530,Platinum,South,Web
C0531,Customer 531,Silver,North,Store
C0532,Customer 532,Platinum,East,Web
C0533,Customer 533,Platinum,East,Partner
C0534,Customer 534,Platinum,East,Partner
C0535,Customer 535,Silver,South,Partner
C0536,Customer 536,Platinum,North,Partner
C0537,Customer 537,Platinum,West,Store
C0538,Customer 538,Platinum,West,Web
C0539,Customer 539,Bronze,East,Store
C0540,Customer 540,Platinum,South,Web
C0541,Customer 541,Silver,South,Web
C0542,Customer 542,Platinum,South,Web
C0543,Customer 543,Platinum,West,Store
C0544,Customer 544,Silver,East,Web
C0545,Customer 545,Platinum,North,Store
C0546,Customer 546,Silver,West,Partner
C0547,Customer 547,Platinum,East,Partner
C0548,Customer 548,Silver,East,Web
C0549,Customer 549,Platinum,North,Store
C0550,Customer 550,Platinum,North,Partner
C0551,Customer 551,Bronze,North,Store
C0552,Customer 552,Bronze,South,Store
C0553,Customer 553,Platinum,North,Web
C0554,Customer 554,Platinum,East,Partner
C0555,Customer 555,Gold,North,Web
C0556,Customer 556,Silver,East,Web
C0557,Customer 557,Gold,West,Partner
C0558,Customer 558,Bronze,South,Partner
C0559,Customer 559,Bronze,West,Store
C0560,Customer 560,Bronze,West,Partner
C0561,Customer 561,Bronze,East,Store
C0562,Customer 562,Platinum,West,Store
C0563,Customer 563,Bronze,East,Store
C0564,Customer 564,Platinum,North,Partner
C0565,Customer 565,Platinum,North,Web
C0566,Customer 566,Bronze,East,Store
C0567,Customer 567,Bronze,North,Web
C0568,Customer 568,Silver,South,Web
C0569,Customer 569,Gold,West,Partner
C0570,Customer 570,Bronze,South,Web
C0571,Customer 571,Silver,West,Web
C0572,Customer 572,Silver,North,Partner
C0573,Customer 573,Gold,South,Store
C0574,Customer 574,Platinum,North,Web
C0575,Customer 575,Bronze,West,Partner
C0576,Customer 576,Gold,East,Web
C0577,Customer 577,Bronze,East,Web
C0578,Customer 578,Silver,South,Store
C0579,Customer 579,Silver,North,Web
C0580,Customer 580,Platinum,North,Partner
C0581,Customer 581,Silver,South,Web
C0582,Customer 582,Silver,East,Store
C0583,Customer 583,Gold,West,Store
C0584,Customer 584,Bronze,South,Partner
C0585,Customer 585,Bronze,West,Store
C0586,Customer 586,Gold,East,Web
C0587,Customer 587,Platinum,North,Store
C0588,Customer 588,Bronze,East,Partner
C0589,Customer 589,Silver,South,Store
C0590,Customer 590,Bronze,North,Store
C0591,Customer 591,Silver,South,Store
C0592,Customer 592,Platinum,South,Partner
C0593,Customer 593,Gold,East,Store
C0594,Customer 594,Bronze,South,Store
C0595,Customer 595,Gold,East,Web
C0596,Customer 596,Bronze,North,Partner
C0597,Customer 597,Silver,East,Store
C0598,Customer 598,Gold,North,Partner
C0599,Customer 599,Bronze,East,Store
C0600,Customer 600,Silver,West,Store
C0601,Customer 601,Gold,West,Store
C0602,Customer 602,Gold,South,Web
C0603,Customer 603,Bronze,East,Web
C0604,Customer 604,Bronze,East,Web
C0605,Customer 605,Bronze,North,Partner
C0606,Customer 606,Silver,South,Partner
C0607,Customer 607,Bronze,East,Web
C0608,Customer 608,Gold,South,Partner
C0609,Customer 609,Gold,West,Store
C0610,Customer 610,Bronze,East,Store
C0611,Customer 611,Bronze,East,Store
C0612,Customer 612,Platinum,South,Web
C0613,Customer 613,Gold,East,Partner
C0614,Customer 614,Silver,South,Web
C0615,Customer 615,Platinum,East,Partner
C0616,Customer 616,Bronze,North,Store
C0617,Customer 617,Bronze,South,Web
C0618,Customer 618,Gold,East,Partner
C0619,Customer 619,Bronze,West,Partner
C0620,Customer 620,Silver,East,Store
C0621,Customer 621,Gold,West,Web
C0622,Customer 622,Bronze,West,Web
C0623,Customer 623,Gold,North,Web
C0624,Customer 624,Bronze,South,Store
C0625,Customer 625,Bronze,East,Web
C0626,Customer 626,Bronze,North,Store
C0627,Customer 627,Silver,East,Store
C0628,Customer 628,Silver,West,Store
C0629,Customer 629,Gold,South,Partner
C0630,Customer 630,Bronze,East,Web
C0631,Customer 631,Bronze,East,Web
C0632,Customer 632,Silver,West,Store
C0633,Customer 633,Bronze,East,Store
C0634,Customer 634,Silver,East,Web
C0635,Customer 635,Bronze,West,Store
C0636,Customer 636,Gold,North,Web
C0637,Customer 637,Bronze,West,Partner
C0638,Customer 638,Bronze,North,Store
C0639,Customer 639,Platinum,South,Web
C0640,Customer 640,Silver,North,Store
C0641,Customer 641,Bronze,North,Web
C0642,Customer 642,Bronze,South,Web
C0643,Customer 643,Platinum,North,Store
C0644,Customer 644,Platinum,West,Partner
C0645,Customer 645,Silver,North,Web
C0646,Customer 646,Platinum,South,Web
C0647,Customer 647,Gold,West,Web
C0648,Customer 648,Platinum,South,Partner
C0649,Customer 649,Gold,South,Partner
C0650,Customer 650,Silver,East,Store
C0651,Customer 651,Silver,East,Partner
C0652,Customer 652,Silver,South,Store
C0653,Customer 653,Silver,South,Store
C0654,Customer 654,Silver,South,Partner
C0655,Customer 655,Gold,East,Store
C0656,Customer 656,Gold,East,Partner
C0657,Customer 657,Silver,North,Store
C0658,Customer 658,Platinum,North,Partner
C0659,Customer 659,Bronze,South,Partner
C0660,Customer 660,Silver,West,Store
C0661,Customer 661,Platinum,West,Web
C0662,Customer 662,Bronze,East,Store
C0663,Customer 663,Silver,East,Partner
C0664,Customer 664,Silver,East,Web
C0665,Customer 665,Gold,South,Store
C0666,Customer 666,Bronze,West,Store
C0667,Customer 667,Bronze,North,Store
C0668,Customer 668,Platinum,South,Web
C0669,Customer 669,Gold,North,Partner
C0670,Customer 670,Gold,North,Store
C0671,Customer 671,Gold,South,Store
C0672,Customer 672,Gold,North,Store
C0673,Customer 673,Bronze,West,Store
C0674,Customer 674,Bronze,North,Store
C0675,Customer 675,Silver,West,Partner
C0676,Customer 676,Silver,West,Partner
C0677,Customer 677,Gold,West,Store
C0678,Customer 678,Gold,East,Web
C0679,Customer 679,Gold,North,Partner
C0680,Customer 680,Silver,South,Web
C0681,Customer 681,Platinum,South,Partner
C0682,Customer 682,Platinum,North,Store
C0683,Customer 683,Silver,East,Partner
C0684,Customer 684,Silver,East,Store
C0685,Customer 685,Silver,West,Partner
C0686,Customer 686,Silver,North,Store
C0687,Customer 687,Silver,North,Store
C0688,Customer 688,Silver,South,Store
C0689,Customer 689,Gold,North,Store
C0690,Customer 690,Gold,East,Web
C0691,Customer 691,Gold,North,Store
C0692,Customer 692,Gold,South,Web
C0693,Customer 693,Silver,West,Web
C0694,Customer 694,Platinum,South,Store
C0695,Customer 695,Bronze,South,Web
C0696,Customer 696,Silver,West,Partner
C0697,Customer 697,Bronze,South,Store
C0698,Customer 698,Platinum,South,Web
C0699,Customer 699,Gold,North,Store
C0700,Customer 700,Platinum,North,Store
C0701,Customer 701,Silver,West,Store
C0702,Customer 702,Gold,North,Web
C0703,Customer 703,Silver,North,Partner
C0704,Customer 704,Gold,South,Partner
C0705,Customer 705,Bronze,East,Web
C0706,Customer 706,Bronze,North,Store
C0707,Customer 707,Bronze,East,Web
C0708,Customer 708,Platinum,North,Web
C0709,Customer 709,Silver,North,Web
C0710,Customer 710,Platinum,West,Store
C0711,Customer 711,Bronze,West,Web
C0712,Customer 712,Silver,West,Store
C0713,Customer 713,Bronze,East,Web
C0714,Customer 714,Platinum,South,Partner
C0715,Customer 715,Platinum,North,Web
C0716,Customer 716,Platinum,North,Web
C0717,Customer 717,Bronze,North,Partner
C0718,Customer 718,Silver,East,Store
C0719,Customer 719,Silver,West,Store
C0720,Customer 720,Bronze,South,Web
C0721,Customer 721,Silver,East,Partner
C0722,Customer 722,Bronze,West,Store
C0723,Customer 723,Silver,East,Web
C0724,Customer 724,Gold,South,Partner
C0725,Customer 725,Gold,West,Store
C0726,Customer 726,Platinum,East,Store
C0727,Customer 727,Gold,South,Partner
C0728,Customer 728,Gold,North,Partner
C0729,Customer 729,Gold,South,Partner
C0730,Customer 730,Bronze,North,Partner
C0731,Customer 731,Gold,East,Web
C0732,Customer 732,Gold,West,Partner
C0733,Customer 733,Platinum,West,Store
C0734,Customer 734,Gold,East,Store
C0735,Customer 735,Gold,West,Web
C0736,Customer 736,Silver,West,Store
C0737,Customer 737,Platinum,North,Store
C0738,Customer 738,Platinum,East,Partner
C0739,Customer 739,Platinum,South,Store
C0740,Customer 740,Platinum,North,Web
C0741,Customer 741,Platinum,East,Partner
C0742,Customer 742,Platinum,North,Partner
C0743,Customer 743,Bronze,South,Web
C0744,Customer 744,Gold,South,Partner
C0745,Customer 745,Platinum,East,Partner
C0746,Customer 746,Gold,South,Web
C0747,Customer 747,Gold,North,Partner
C0748,Customer 748,Bronze,South,Web
C0749,Customer 749,Platinum,North,Web
C0750,Customer 750,Silver,North,Store
C0751,Customer 751,Bronze,South,Store
C0752,Customer 752,Silver,East,Partner
C0753,Customer 753,Gold,West,Partner
C0754,Customer 754,Gold,South,Web
C0755,Customer 755,Bronze,North,Partner
C0756,Customer 756,Bronze,North,Web
C0757,Customer 757,Silver,South,Web
C0758,Customer 758,Platinum,East,Partner
C0759,Customer 759,Silver,East,Web
C0760,Customer 760,Bronze,North,Store
C0761,Customer 761,Silver,North,Partner
C0762,Customer 762,Bronze,East,Store
C0763,Customer 763,Silver,West,Partner
C0764,Customer 764,Bronze,South,Web
C0765,Customer 765,Bronze,North,Partner
C0766,Customer 766,Bronze,North,Store
C0767,Customer 767,Platinum,East,Web
C0768,Customer 768,Silver,South,Partner
C0769,Customer 769,Silver,East,Partner
C0770,Customer 770,Silver,South,Partner
C0771,Customer 771,Bronze,South,Store
C0772,Customer 772,Silver,South,Store
C0773,Customer 773,Silver,North,Partner
C0774,Customer 774,Bronze,West,Web
C0775,Customer 775,Gold,East,Web
C0776,Customer 776,Bronze,West,Store
C0777,Customer 777,Silver,East,Web
C0778,Customer 778,Bronze,South,Store
C0779,Customer 779,Gold,North,Partner
C0780,Customer 780,Bronze,West,Store
C0781,Customer 781,Silver,North,Store
C0782,Customer 782,Gold,East,Partner
C0783,Customer 783,Platinum,North,Web
C0784,Customer 784,Silver,North,Store
C0785,Customer 785,Gold,West,Store
C0786,Customer 786,Gold,South,Partner
C0787,Customer 787,Platinum,North,Web
C0788,Customer 788,Bronze,South,Store
C0789,Customer 789,Bronze,East,Partner
C0790,Customer 790,Silver,North,Store
C0791,Customer 791,Platinum,West,Partner
C0792,Customer 792,Bronze,East,Web
C0793,Customer 793,Platinum,East,Web
C0794,Customer 794,Bronze,West,Web
C0795,Customer 795,Gold,North,Web
C0796,Customer 796,Bronze,North,Store
C0797,Customer 797,Platinum,East,Store
C0798,Customer 798,Gold,North,Web
C0799,Customer 799,Gold,South,Web
C0800,Customer 800,Gold,West,Web
C0801,Customer 801,Platinum,South,Store
C0802,Customer 802,Silver,North,Web
C0803,Customer 803,Silver,East,Web
C0804,Customer 804,Silver,West,Web
C0805,Customer 805,Platinum,North,Partner
C0806,Customer 806,Gold,North,Web
C0807,Customer 807,Silver,East,Partner
C0808,Customer 808,Platinum,East,Partner
C0809,Customer 809,Silver,South,Web
C0810,Customer 810,Bronze,West,Partner
C0811,Customer 811,Silver,West,Web
C0812,Customer 812,Silver,East,Store
C0813,Customer 813,Gold,South,Store
C0814,Customer 814,Platinum,West,Store
C0815,Customer 815,Gold,East,Store
C0816,Customer 816,Gold,North,Partner
C0817,Customer 817,Gold,West,Web
C0818,Customer 818,Gold,South,Web
C0819,Customer 819,Gold,South,Web
C0820,Customer 820,Silver,South,Store
C0821,Customer 821,Gold,North,Store
C0822,Customer 822,Gold,West,Web
C0823,Customer 823,Platinum,West,Store
C0824,Customer 824,Bronze,North,Web
C0825,Customer 825,Silver,West,Web
C0826,Customer 826,Silver,North,Web
C0827,Customer 827,Silver,North,Web
C0828,Customer 828,Gold,North,Web
C0829,Customer 829,Gold,South,Web
C0830,Customer 830,Gold,West,Web
C0831,Customer 831,Platinum,North,Store
C0832,Customer 832,Bronze,West,Web
C0833,Customer 833,Gold,South,Web
C0834,Customer 834,Bronze,North,Store
C0835,Customer 835,Platinum,East,Store
C0836,Customer 836,Silver,South,Store
C0837,Customer 837,Gold,East,Web
C0838,Customer 838,Bronze,West,Partner
C0839,Customer 839,Bronze,West,Partner
C0840,Customer 840,Gold,South,Store
C0841,Customer 841,Silver,West,Partner
C0842,Customer 842,Silver,East,Store
C0843,Customer 843,Silver,North,Web
C0844,Customer 844,Platinum,North,Partner
C0845,Customer 845,Bronze,North,Web
C0846,Customer 846,Bronze,South,Partner
C0847,Customer 847,Bronze,West,Web
C0848,Customer 848,Platinum,East,Partner
C0849,Customer 849,Bronze,West,Web
C0850,Customer 850,Platinum,West,Web
C0851,Customer 851,Silver,West,Partner
C0852,Customer 852,Gold,North,Web
C0853,Customer 853,Bronze,East,Web
C0854,Customer 854,Bronze,East,Web
C0855,Customer 855,Silver,West,Partner
C0856,Customer 856,Gold,North,Partner
C0857,Customer 857,Platinum,North,Web
C0858,Customer 858,Gold,East,Web
C0859,Customer 859,Silver,North,Partner
C0860,Customer 860,Silver,North,Partner
C0861,Customer 861,Gold,North,Web
C0862,Customer 862,Platinum,South,Web
C0863,Customer 863,Platinum,West,Web
C0864,Customer 864,Bronze,East,Store
C0865,Customer 865,Platinum,East,Partner
C0866,Customer 866,Gold,South,Store
C0867,Customer 867,Silver,West,Partner
C0868,Customer 868,Bronze,East,Partner
C0869,Customer 869,Bronze,North,Partner
C0870,Customer 870,Silver,East,Partner
C0871,Customer 871,Platinum,North,Partner
C0872,Customer 872,Silver,South,Partner
C0873,Customer 873,Platinum,North,Partner
C0874,Customer 874,Silver,East,Store
C0875,Customer 875,Gold,East,Web
C0876,Customer 876,Platinum,East,Web
C0877,Customer 877,Gold,South,Store
C0878,Customer 878,Bronze,South,Store
C0879,Customer 879,Silver,West,Store
C0880,Customer 880,Bronze,East,Store
C0881,Customer 881,Bronze,North,Partner
C0882,Customer 882,Bronze,South,Web
C0883,Customer 883,Bronze,East,Partner
C0884,Customer 884,Silver,East,Web
C0885,Customer 885,Bronze,South,Web
C0886,Customer 886,Silver,West,Store
C0887,Customer 887,Silver,South,Partner
C0888,Customer 888,Gold,South,Store
C0889,Customer 889,Platinum,North,Partner
C0890,Customer 890,Platinum,North,Web
C0891,Customer 891,Silver,West,Store
C0892,Customer 892,Gold,East,Store
C0893,Customer 893,Silver,South,Web
C0894,Customer 894,Silver,West,Web
C0895,Customer 895,Silver,North,Web
C0896,Customer 896,Gold,South,Store
C0897,Customer 897,Platinum,East,Partner
C0898,Customer 898,Gold,North,Store
C0899,Customer 899,Bronze,North,Partner
C0900,Customer 900,Gold,North,Store
C0901,Customer 901,Gold,West,Store
C0902,Customer 902,Gold,East,Web
C0903,Customer 903,Gold,South,Partner
C0904,Customer 904,Platinum,West,Store
C0905,Customer 905,Bronze,West,Store
C0906,Customer 906,Platinum,West,Web
C0907,Customer 907,Platinum,North,Web
C0908,Customer 908,Gold,East,Partner
C0909,Customer 909,Silver,West,Store
C0910,Customer 910,Silver,South,Partner
C0911,Customer 911,Platinum,East,Store
C0912,Customer 912,Platinum,South,Partner
C0913,Customer 913,Gold,East,Web
C0914,Customer 914,Platinum,South,Store
C0915,Customer 915,Gold,North,Partner
C0916,Customer 916,Silver,West,Web
C0917,Customer 917,Silver,South,Web
C0918,Customer 918,Bronze,East,Partner
C0919,Customer 919,Silver,West,Store
C0920,Customer 920,Platinum,West,Store
C0921,Customer 921,Silver,East,Web
C0922,Customer 922,Gold,South,Store
C0923,Customer 923,Silver,North,Store
C0924,Customer 924,Bronze,North,Store
C0925,Customer 925,Silver,South,Web
C0926,Customer 926,Gold,West,Partner
C0927,Customer 927,Gold,West,Store
C0928,Customer 928,Platinum,West,Web
C0929,Customer 929,Silver,West,Web
C0930,Customer 930,Gold,South,Partner
C0931,Customer 931,Bronze,West,Store
C0932,Customer 932,Platinum,East,Store
C0933,Customer 933,Bronze,West,Partner
C0934,Customer 934,Silver,North,Partner
C0935,Customer 935,Silver,West,Web
C0936,Customer 936,Silver,South,Web
C0937,Customer 937,Platinum,North,Partner
C0938,Customer 938,Gold,South,Store
C0939,Customer 939,Platinum,South,Web
C0940,Customer 940,Bronze,North,Web
C0941,Customer 941,Platinum,South,Store
C0942,Customer 942,Bronze,South,Web
C0943,Customer 943,Platinum,West,Store
C0944,Customer 944,Gold,East,Store
C0945,Customer 945,Bronze,South,Store
C0946,Customer 946,Silver,South,Partner
C0947,Customer 947,Silver,South,Partner
C0948,Customer 948,Platinum,West,Partner
C0949,Customer 949,Silver,East,Store
C0950,Customer 950,Bronze,North,Store
C0951,Customer 951,Silver,West,Partner
C0952,Customer 952,Gold,West,Web
C0953,Customer 953,Gold,East,Store
C0954,Customer 954,Platinum,East,Web
C0955,Customer 955,Bronze,West,Web
C0956,Customer 956,Gold,North,Store
C0957,Customer 957,Gold,West,Store
C0958,Customer 958,Bronze,East,Web
C0959,Customer 959,Silver,North,Web
C0960,Customer 960,Silver,East,Partner
C0961,Customer 961,Platinum,North,Partner
C0962,Customer 962,Silver,South,Store
C0963,Customer 963,Bronze,East,Partner
C0964,Customer 964,Gold,East,Partner
C0965,Customer 965,Silver,West,Partner
C0966,Customer 966,Platinum,East,Partner
C0967,Customer 967,Silver,East,Web
C0968,Customer 968,Bronze,South,Store
C0969,Customer 969,Platinum,East,Partner
C0970,Customer 970,Silver,South,Web
C0971,Customer 971,Platinum,South,Web
C0972,Customer 972,Bronze,South,Web
C0973,Customer 973,Gold,South,Partner
C0974,Customer 974,Bronze,North,Partner
C0975,Customer 975,Bronze,West,Store
C0976,Customer 976,Bronze,North,Partner
C0977,Customer 977,Bronze,East,Partner
C0978,Customer 978,Gold,North,Web
C0979,Customer 979,Gold,North,Store
C0980,Customer 980,Platinum,East,Partner
C0981,Customer 981,Silver,East,Partner
C0982,Customer 982,Gold,East,Web
C0983,Customer 983,Gold,North,Web
C0984,Customer 984,Silver,North,Partner
C0985,Customer 985,Gold,East,Store
C0986,Customer 986,Bronze,West,Store
C0987,Customer 987,Bronze,West,Web
C0988,Customer 988,Silver,South,Web
C0989,Customer 989,Platinum,East,Partner
C0990,Customer 990,Platinum,South,Web
C0991,Customer 991,Silver,West,Partner
C0992,Customer 992,Silver,South,Store
C0993,Customer 993,Bronze,East,Store
C0994,Customer 994,Platinum,East,Partner
C0995,Customer 995,Gold,East,Web
C0996,Customer 996,Bronze,North,Store
C0997,Customer 997,Silver,South,Web
C0998,Customer 998,Platinum,West,Store
C0999,Customer 999,Gold,West,Partner
C1000,Customer 1000,Gold,West,Partner
